16-24,25-34,35-44,45-54,55-64,65+
Using public WiFi,Using public WiFi,Using public WiFi,Using public WiFi,Using public WiFi,Using public WiFi
Using public WiFi,Using public WiFi,Using public WiFi,Using public WiFi,Using public WiFi,Using public WiFi
Using public WiFi,Using public WiFi,Using public WiFi,Using public WiFi,Using public WiFi,Using public WiFi
Using public WiFi,Using public WiFi,Using public WiFi,Using public WiFi,Using public WiFi,Using public WiFi
Using public WiFi,Using public WiFi,Using public WiFi,Using public WiFi,Using public WiFi,Using public WiFi
Using public WiFi,Using public WiFi,Using public WiFi,Using public WiFi,Using public WiFi,Using public WiFi
Using public WiFi,Using public WiFi,Using public WiFi,Using public WiFi,Using public WiFi,Using public WiFi
Using public WiFi,Using public WiFi,Using public WiFi,Using public WiFi,Using public WiFi,Using public WiFi
Using public WiFi,Using public WiFi,Using public WiFi,Using public WiFi,Using public WiFi,Using public WiFi
Using public WiFi,Using public WiFi,Using public WiFi,Using public WiFi,Using public WiFi,Using public WiFi
Using public WiFi,Using public WiFi,Using public WiFi,Using public WiFi,Using public WiFi,Using public WiFi
Using public WiFi,Using public WiFi,Using public WiFi,Using public WiFi,Using public WiFi,Using public WiFi
Using public WiFi,Using public WiFi,Using public WiFi,Using public WiFi,Using public WiFi,Using public WiFi
Using public WiFi,Using public WiFi,Using public WiFi,Using public WiFi,Using public WiFi,Using public WiFi
Using public WiFi,Using public WiFi,Using public WiFi,Using public WiFi,Using public WiFi,Using public WiFi
Using public WiFi,Using public WiFi,Using public WiFi,Using public WiFi,Using public WiFi,Using public WiFi
Using public WiFi,Using public WiFi,Using public WiFi,Using public WiFi,Using public WiFi,Using public WiFi
Using public WiFi,Using public WiFi,Using public WiFi,Using public WiFi,Using public WiFi,Using public WiFi
Using public WiFi,Using public WiFi,Using public WiFi,Using public WiFi,Using public WiFi,Using public WiFi
Using public WiFi,Using public WiFi,Using public WiFi,Using public WiFi,Using public WiFi,Providing personal information to social or professional network services
Using public WiFi,Using public WiFi,Using public WiFi,Using public WiFi,Using public WiFi,Providing personal information to social or professional network services
Using public WiFi,Using public WiFi,Using public WiFi,Using public WiFi,Using public WiFi,Providing personal information to social or professional network services
Using public WiFi,Using public WiFi,Using public WiFi,Using public WiFi,Using public WiFi,Providing personal information to social or professional network services
Using public WiFi,Using public WiFi,Using public WiFi,Providing personal information to social or professional network services,Using public WiFi,Providing personal information to social or professional network services
Using public WiFi,Using public WiFi,Using public WiFi,Providing personal information to social or professional network services,Using public WiFi,Providing personal information to social or professional network services
Using public WiFi,Using public WiFi,Using public WiFi,Providing personal information to social or professional network services,Using public WiFi,Providing personal information to social or professional network services
Using public WiFi,Using public WiFi,Using public WiFi,Providing personal information to social or professional network services,Providing personal information to social or professional network services,Providing personal information to social or professional network services
Using public WiFi,Using public WiFi,Using public WiFi,Providing personal information to social or professional network services,Providing personal information to social or professional network services,Providing personal information to social or professional network services
Using public WiFi,Using public WiFi,Using public WiFi,Providing personal information to social or professional network services,Providing personal information to social or professional network services,Providing personal information to social or professional network services
Providing personal information to social or professional network services,Using public WiFi,Providing personal information to social or professional network services,Providing personal information to social or professional network services,Providing personal information to social or professional network services,Providing personal information to social or professional network services
Providing personal information to social or professional network services,Using public WiFi,Providing personal information to social or professional network services,Providing personal information to social or professional network services,Providing personal information to social or professional network services,Providing personal information to social or professional network services
Providing personal information to social or professional network services,Using public WiFi,Providing personal information to social or professional network services,Providing personal information to social or professional network services,Providing personal information to social or professional network services,Providing personal information to social or professional network services
Providing personal information to social or professional network services,Using public WiFi,Providing personal information to social or professional network services,Providing personal information to social or professional network services,Providing personal information to social or professional network services,Providing personal information to social or professional network services
Providing personal information to social or professional network services,Providing personal information to social or professional network services,Providing personal information to social or professional network services,Providing personal information to social or professional network services,Providing personal information to social or professional network services,Providing personal information to social or professional network services
Providing personal information to social or professional network services,Providing personal information to social or professional network services,Providing personal information to social or professional network services,Providing personal information to social or professional network services,Providing personal information to social or professional network services,Providing personal information to social or professional network services
Providing personal information to social or professional network services,Providing personal information to social or professional network services,Providing personal information to social or professional network services,Providing personal information to social or professional network services,Providing personal information to social or professional network services,Providing personal information to social or professional network services
Providing personal information to social or professional network services,Providing personal information to social or professional network services,Providing personal information to social or professional network services,Providing personal information to social or professional network services,Providing personal information to social or professional network services,Providing personal information to social or professional network services
Providing personal information to social or professional network services,Providing personal information to social or professional network services,Providing personal information to social or professional network services,Providing personal information to social or professional network services,Providing personal information to social or professional network services,Providing personal information to social or professional network services
Providing personal information to social or professional network services,Providing personal information to social or professional network services,Providing personal information to social or professional network services,Providing personal information to social or professional network services,Providing personal information to social or professional network services,Providing personal information to social or professional network services
Providing personal information to social or professional network services,Providing personal information to social or professional network services,Providing personal information to social or professional network services,Providing personal information to social or professional network services,Providing personal information to social or professional network services,Providing personal information to social or professional network services
Providing personal information to social or professional network services,Providing personal information to social or professional network services,Providing personal information to social or professional network services,Providing personal information to social or professional network services,Providing personal information to social or professional network services,Providing personal information to social or professional network services
Providing personal information to social or professional network services,Providing personal information to social or professional network services,Providing personal information to social or professional network services,Providing personal information to social or professional network services,Providing personal information to social or professional network services,Downloading software or apps
Providing personal information to social or professional network services,Providing personal information to social or professional network services,Providing personal information to social or professional network services,Providing personal information to social or professional network services,Providing personal information to social or professional network services,Downloading software or apps
Providing personal information to social or professional network services,Providing personal information to social or professional network services,Providing personal information to social or professional network services,Providing personal information to social or professional network services,Providing personal information to social or professional network services,Downloading software or apps
Providing personal information to social or professional network services,Providing personal information to social or professional network services,Providing personal information to social or professional network services,Providing personal information to social or professional network services,Providing personal information to social or professional network services,Downloading software or apps
Providing personal information to social or professional network services,Providing personal information to social or professional network services,Providing personal information to social or professional network services,Providing personal information to social or professional network services,Providing personal information to social or professional network services,Downloading software or apps
Providing personal information to social or professional network services,Providing personal information to social or professional network services,Providing personal information to social or professional network services,Providing personal information to social or professional network services,Providing personal information to social or professional network services,Downloading software or apps
Providing personal information to social or professional network services,Providing personal information to social or professional network services,Providing personal information to social or professional network services,Downloading software or apps,Downloading software or apps,Downloading software or apps
Providing personal information to social or professional network services,Providing personal information to social or professional network services,Providing personal information to social or professional network services,Downloading software or apps,Downloading software or apps,Downloading software or apps
Downloading software or apps,Providing personal information to social or professional network services,Providing personal information to social or professional network services,Downloading software or apps,Downloading software or apps,Downloading software or apps
Downloading software or apps,Providing personal information to social or professional network services,Providing personal information to social or professional network services,Downloading software or apps,Downloading software or apps,Downloading software or apps
Downloading software or apps,Providing personal information to social or professional network services,Providing personal information to social or professional network services,Downloading software or apps,Downloading software or apps,Downloading software or apps
Downloading software or apps,Providing personal information to social or professional network services,Downloading software or apps,Downloading software or apps,Downloading software or apps,Downloading software or apps
Downloading software or apps,Providing personal information to social or professional network services,Downloading software or apps,Downloading software or apps,Downloading software or apps,Ordering or buying goods or services
Downloading software or apps,Providing personal information to social or professional network services,Downloading software or apps,Downloading software or apps,Downloading software or apps,Ordering or buying goods or services
Downloading software or apps,Downloading software or apps,Downloading software or apps,Downloading software or apps,Downloading software or apps,Ordering or buying goods or services
Downloading software or apps,Downloading software or apps,Downloading software or apps,Downloading software or apps,Downloading software or apps,Ordering or buying goods or services
Downloading software or apps,Downloading software or apps,Downloading software or apps,Downloading software or apps,Downloading software or apps,Ordering or buying goods or services
Downloading software or apps,Downloading software or apps,Downloading software or apps,Downloading software or apps,Downloading software or apps,Ordering or buying goods or services
Downloading software or apps,Downloading software or apps,Downloading software or apps,Downloading software or apps,Downloading software or apps,Ordering or buying goods or services
Downloading software or apps,Downloading software or apps,Downloading software or apps,Downloading software or apps,Downloading software or apps,Ordering or buying goods or services
Downloading software or apps,Downloading software or apps,Downloading software or apps,Downloading software or apps,Downloading software or apps,Ordering or buying goods or services
Downloading software or apps,Downloading software or apps,Downloading software or apps,Downloading software or apps,Downloading software or apps,Ordering or buying goods or services
Downloading software or apps,Downloading software or apps,Downloading software or apps,Downloading software or apps,Downloading software or apps,Ordering or buying goods or services
Downloading software or apps,Downloading software or apps,Downloading software or apps,Downloading software or apps,Ordering or buying goods or services,Ordering or buying goods or services
Downloading software or apps,Downloading software or apps,Downloading software or apps,Ordering or buying goods or services,Ordering or buying goods or services,Ordering or buying goods or services
Downloading software or apps,Downloading software or apps,Downloading software or apps,Ordering or buying goods or services,Ordering or buying goods or services,Ordering or buying goods or services
Downloading software or apps,Downloading software or apps,Downloading software or apps,Ordering or buying goods or services,Ordering or buying goods or services,Ordering or buying goods or services
Downloading software or apps,Downloading software or apps,Downloading software or apps,Ordering or buying goods or services,Ordering or buying goods or services,Ordering or buying goods or services
Downloading software or apps,Downloading software or apps,Downloading software or apps,Ordering or buying goods or services,Ordering or buying goods or services,Internet banking
Downloading software or apps,Downloading software or apps,Downloading software or apps,Ordering or buying goods or services,Ordering or buying goods or services,Internet banking
Downloading software or apps,Downloading software or apps,Downloading software or apps,Ordering or buying goods or services,Ordering or buying goods or services,Internet banking
Downloading software or apps,Downloading software or apps,Downloading software or apps,Ordering or buying goods or services,Ordering or buying goods or services,Internet banking
Downloading software or apps,Downloading software or apps,Downloading software or apps,Ordering or buying goods or services,Ordering or buying goods or services,Internet banking
Downloading software or apps,Ordering or buying goods or services,Downloading software or apps,Ordering or buying goods or services,Ordering or buying goods or services,Internet banking
Downloading software or apps,Ordering or buying goods or services,Ordering or buying goods or services,Ordering or buying goods or services,Ordering or buying goods or services,Internet banking
Downloading software or apps,Ordering or buying goods or services,Ordering or buying goods or services,Ordering or buying goods or services,Ordering or buying goods or services,Internet banking
Downloading software or apps,Ordering or buying goods or services,Ordering or buying goods or services,Ordering or buying goods or services,Ordering or buying goods or services,Internet banking
Ordering or buying goods or services,Ordering or buying goods or services,Ordering or buying goods or services,Ordering or buying goods or services,Ordering or buying goods or services,Internet banking
Ordering or buying goods or services,Ordering or buying goods or services,Ordering or buying goods or services,Ordering or buying goods or services,Internet banking,Internet banking
Ordering or buying goods or services,Ordering or buying goods or services,Ordering or buying goods or services,Internet banking,Internet banking,Internet banking
Ordering or buying goods or services,Ordering or buying goods or services,Ordering or buying goods or services,Internet banking,Internet banking,Internet banking
Ordering or buying goods or services,Ordering or buying goods or services,Ordering or buying goods or services,Internet banking,Internet banking,Internet banking
Ordering or buying goods or services,Ordering or buying goods or services,Ordering or buying goods or services,Internet banking,Internet banking,Internet banking
Ordering or buying goods or services,Ordering or buying goods or services,Ordering or buying goods or services,Internet banking,Internet banking,Internet banking
Ordering or buying goods or services,Ordering or buying goods or services,Ordering or buying goods or services,Internet banking,Internet banking,Internet banking
Ordering or buying goods or services,Internet banking,Ordering or buying goods or services,Internet banking,Internet banking,Internet banking
Ordering or buying goods or services,Internet banking,Ordering or buying goods or services,Internet banking,Internet banking,Internet banking
Ordering or buying goods or services,Internet banking,Internet banking,Internet banking,Internet banking,Internet banking
Ordering or buying goods or services,Internet banking,Internet banking,Internet banking,Internet banking,Internet banking
Ordering or buying goods or services,Internet banking,Internet banking,Internet banking,Internet banking,Internet banking
Ordering or buying goods or services,Internet banking,Internet banking,Internet banking,Internet banking,Communicating with public services local councils or government organisations
Internet banking,Internet banking,Internet banking,Internet banking,Internet banking,Communicating with public services local councils or government organisations
Internet banking,Internet banking,Internet banking,Internet banking,Internet banking,Communicating with public services local councils or government organisations
Internet banking,Internet banking,Internet banking,Communicating with public services local councils or government organisations,Communicating with public services local councils or government organisations,Communicating with public services local councils or government organisations
Internet banking,Internet banking,Internet banking,Communicating with public services local councils or government organisations,Communicating with public services local councils or government organisations,Communicating with public services local councils or government organisations
Internet banking,Internet banking,Communicating with public services local councils or government organisations,Communicating with public services local councils or government organisations,Communicating with public services local councils or government organisations,Communicating with public services local councils or government organisations
Internet banking,Internet banking,Communicating with public services local councils or government organisations,Communicating with public services local councils or government organisations,Communicating with public services local councils or government organisations,Communicating with public services local councils or government organisations
Internet banking,Communicating with public services local councils or government organisations,Communicating with public services local councils or government organisations,Communicating with public services local councils or government organisations,Communicating with public services local councils or government organisations,Communicating with public services local councils or government organisations
Communicating with public services local councils or government organisations,Communicating with public services local councils or government organisations,Communicating with public services local councils or government organisations,Communicating with public services local councils or government organisations,Communicating with public services local councils or government organisations,Communicating with public services local councils or government organisations
