Country Name,Country Code,Indicator Name,Indicator Code,,forest-area(%),latitude,longitude,
Afghanistan,AFG,Forest area (% of land area),AG.LND.FRST.ZS,,15.664,33.93911,67.709953,
Albania,ALB,Forest area (% of land area),AG.LND.FRST.ZS,,4.467755562,41.153332,20.168331,
Algeria,DZA,Forest area (% of land area),AG.LND.FRST.ZS,,0.243313201,28.033886,1.659626,
American Samoa,ASM,Forest area (% of land area),AG.LND.FRST.ZS,,47.16396025,-14.270972,-170.132217,
Andorra,AND,Forest area (% of land area),AG.LND.FRST.ZS,,54.31740595,42.546245,1.601554,
Angola,AGO,Forest area (% of land area),AG.LND.FRST.ZS,,2.333333333,-11.202692,17.873887,
Antigua and Barbuda,ATG,Forest area (% of land area),AG.LND.FRST.ZS,,17.42131456,17.060816,-61.796428,
Argentina,ARG,Forest area (% of land area),AG.LND.FRST.ZS,,11.55216017,-38.416097,-63.616672,
Armenia,ARM,Forest area (% of land area),AG.LND.FRST.ZS,,34.04255319,40.069099,45.038189,
Aruba,ABW,Forest area (% of land area),AG.LND.FRST.ZS,,1.850994088,12.52111,-69.968338,
Australia,AUS,Forest area (% of land area),AG.LND.FRST.ZS,,18.75,-25.274398,133.775136,
Austria,AUT,Forest area (% of land area),AG.LND.FRST.ZS,,13.41393036,47.516231,14.550072,
Azerbaijan,AZE,Forest area (% of land area),AG.LND.FRST.ZS,,59.70842795,40.143105,47.576927,
Bahamas,BHS,Forest area (% of land area),AG.LND.FRST.ZS,,43.05153217,25.03428,-77.39628,
Bahrain,BHR,Forest area (% of land area),AG.LND.FRST.ZS,,42.73261719,26.0667,50.5577,
Bangladesh,BGD,Forest area (% of land area),AG.LND.FRST.ZS,,23.08625731,23.684994,90.356331,
Barbados,BRB,Forest area (% of land area),AG.LND.FRST.ZS,,31.8696457,13.193887,-59.543198,
Belarus,BLR,Forest area (% of land area),AG.LND.FRST.ZS,,18.51851852,53.709807,27.953389,
Belgium,BEL,Forest area (% of land area),AG.LND.FRST.ZS,,28.69058177,50.503887,4.469936,
Belize,BLZ,Forest area (% of land area),AG.LND.FRST.ZS,,10.8894081,17.189877,-88.49765,
Benin,BEN,Forest area (% of land area),AG.LND.FRST.ZS,,22.76420079,9.30769,2.315834,
Bermuda,BMU,Forest area (% of land area),AG.LND.FRST.ZS,,71.34556896,32.321384,-64.75737,
Bhutan,BTN,Forest area (% of land area),AG.LND.FRST.ZS,,56.96492766,27.514162,90.433601,
Bolivia,BOL,Forest area (% of land area),AG.LND.FRST.ZS,,72.10626186,-16.290154,-63.588653,
Bosnia and Herzegovina,BIH,Forest area (% of land area),AG.LND.FRST.ZS,,14.65116279,43.915886,17.679076,
Botswana,BWA,Forest area (% of land area),AG.LND.FRST.ZS,,35.62085483,-22.328474,24.684866,
Brazil,BRA,Forest area (% of land area),AG.LND.FRST.ZS,,47.31213884,-14.235004,-51.92528,
British Virgin Islands,VGB,Forest area (% of land area),AG.LND.FRST.ZS,,24.13333333,18.420695,-64.639968,
Brunei Darussalam,BRN,Forest area (% of land area),AG.LND.FRST.ZS,,3.039123856,4.535277,114.727669,
Bulgaria,BGR,Forest area (% of land area),AG.LND.FRST.ZS,,35.89681852,42.733883,25.48583,
Burkina Faso,BFA,Forest area (% of land area),AG.LND.FRST.ZS,,27.3345332,12.238333,-1.561593,
Burundi,BDI,Forest area (% of land area),AG.LND.FRST.ZS,,0.846153846,-3.373056,29.918886,
Cabo Verde,CPV,Forest area (% of land area),AG.LND.FRST.ZS,,34.46348908,16.002082,-24.013197,
Cambodia,KHM,Forest area (% of land area),AG.LND.FRST.ZS,,72.20320624,12.565679,104.990963,
Cameroon,CMR,Forest area (% of land area),AG.LND.FRST.ZS,,5.151515152,7.369722,12.354722,
Canada,CAN,Forest area (% of land area),AG.LND.FRST.ZS,,50.93506494,56.130366,-106.346771,
Cayman Islands,CYM,Forest area (% of land area),AG.LND.FRST.ZS,,43.26644243,19.513469,-80.566956,
Central African Republic,CAF,Forest area (% of land area),AG.LND.FRST.ZS,,14.46877161,6.611111,20.939444,
Chad,TCD,Forest area (% of land area),AG.LND.FRST.ZS,,8.782159045,15.454166,18.732207,
Chile,CHL,Forest area (% of land area),AG.LND.FRST.ZS,,38.70376294,-35.675147,-71.542969,
China,CHN,Forest area (% of land area),AG.LND.FRST.ZS,,89.96502408,35.86166,104.195397,
Colombia,COL,Forest area (% of land area),AG.LND.FRST.ZS,,53.66424516,4.570868,-74.297333,
Comoros,COM,Forest area (% of land area),AG.LND.FRST.ZS,,31.23314066,-11.875001,43.872219,
"Congo, Dem. Rep.",COD,Forest area (% of land area),AG.LND.FRST.ZS,,35.66555833,-4.038333,21.758664,
"Congo, Rep.",COG,Forest area (% of land area),AG.LND.FRST.ZS,,56.61894974,-0.228021,15.827659,
Costa Rica,CRI,Forest area (% of land area),AG.LND.FRST.ZS,,18.16227834,9.748917,-83.753428,
Cote d'Ivoire,CIV,Forest area (% of land area),AG.LND.FRST.ZS,,6.667883212,7.539989,-5.54708,
Croatia,HRV,Forest area (% of land area),AG.LND.FRST.ZS,,49.71681778,45.1,15.2,
Cuba,CUB,Forest area (% of land area),AG.LND.FRST.ZS,,31.94222699,21.521757,-77.781167,
Cyprus,CYP,Forest area (% of land area),AG.LND.FRST.ZS,,11.19602978,35.126413,33.429859,
Czech Republic,CZE,Forest area (% of land area),AG.LND.FRST.ZS,,29.24294189,49.817492,15.472962,
Denmark,DNK,Forest area (% of land area),AG.LND.FRST.ZS,,32.68361097,56.26392,9.501785,
Djibouti,DJI,Forest area (% of land area),AG.LND.FRST.ZS,,0.157657658,11.825138,42.590275,
Dominica,DMA,Forest area (% of land area),AG.LND.FRST.ZS,,53.375,15.414999,-61.370976,
Dominican Republic,DOM,Forest area (% of land area),AG.LND.FRST.ZS,,34.63044041,18.735693,-70.162651,
Ecuador,ECU,Forest area (% of land area),AG.LND.FRST.ZS,,27.07977952,-1.831239,-78.183406,
Egypt,EGY,Forest area (% of land area),AG.LND.FRST.ZS,,0.810331602,26.820553,30.802498,
El Salvador,SLV,Forest area (% of land area),AG.LND.FRST.ZS,,36.15499489,13.794185,-88.89653,
Equatorial Guinea,GNQ,Forest area (% of land area),AG.LND.FRST.ZS,,87.88377897,1.650801,10.267895,
Eritrea,ERI,Forest area (% of land area),AG.LND.FRST.ZS,,38.5251932,15.179384,39.782334,
Estonia,EST,Forest area (% of land area),AG.LND.FRST.ZS,,0.045185594,58.595272,25.013607,
Ethiopia,ETH,Forest area (% of land area),AG.LND.FRST.ZS,,50.83898373,9.145,40.489673,
Faroe Islands,FRO,Forest area (% of land area),AG.LND.FRST.ZS,,13.11536395,61.892635,-6.911806,
Fiji,FJI,Forest area (% of land area),AG.LND.FRST.ZS,,28.61389961,-16.578193,179.414413,
Finland,FIN,Forest area (% of land area),AG.LND.FRST.ZS,,45.85448578,61.92411,25.748151,
France,FRA,Forest area (% of land area),AG.LND.FRST.ZS,,15.24350842,46.227638,2.213749,
French Polynesia,PYF,Forest area (% of land area),AG.LND.FRST.ZS,,68.25794393,-17.679742,-149.406843,
Gabon,GAB,Forest area (% of land area),AG.LND.FRST.ZS,,73.73321927,-0.803689,11.609444,
Gambia,GMB,Forest area (% of land area),AG.LND.FRST.ZS,,23.46135012,13.443182,-15.310139,
Georgia,GEO,Forest area (% of land area),AG.LND.FRST.ZS,,0.05730659,42.315407,43.356892,
Germany,DEU,Forest area (% of land area),AG.LND.FRST.ZS,,58.79612221,51.165691,10.451526,
Ghana,GHA,Forest area (% of land area),AG.LND.FRST.ZS,,91.94285714,7.946527,-1.023194,
Gibraltar,GIB,Forest area (% of land area),AG.LND.FRST.ZS,,25.51277877,36.137741,-5.345374,
Greece,GRC,Forest area (% of land area),AG.LND.FRST.ZS,,71.01315789,39.074208,21.824312,
Greenland,GRL,Forest area (% of land area),AG.LND.FRST.ZS,,40.61591596,71.706936,-42.604303,
Grenada,GRD,Forest area (% of land area),AG.LND.FRST.ZS,,31.20442255,12.262776,-61.604171,
Guam,GUM,Forest area (% of land area),AG.LND.FRST.ZS,,52.05882353,13.444304,144.793731,
Guatemala,GTM,Forest area (% of land area),AG.LND.FRST.ZS,,30.26997673,15.783471,-90.230759,
Guinea,GIN,Forest area (% of land area),AG.LND.FRST.ZS,,91.41289246,9.945587,-9.696645,
Guinea-Bissau,GNB,Forest area (% of land area),AG.LND.FRST.ZS,,35.03234596,11.803749,-15.180413,
Haiti,HTI,Forest area (% of land area),AG.LND.FRST.ZS,,33.96078584,18.971187,-72.285215,
Honduras,HND,Forest area (% of land area),AG.LND.FRST.ZS,,33.13736469,15.199999,-86.241905,
"Hong Kong SAR, China",HKG,Forest area (% of land area),AG.LND.FRST.ZS,,93.64363729,22.396428,114.109497,
Hungary,HUN,Forest area (% of land area),AG.LND.FRST.ZS,,27.5059351,47.162494,19.503304,
Iceland,ISL,Forest area (% of land area),AG.LND.FRST.ZS,,1.900361184,64.963051,-19.020835,
India,IND,Forest area (% of land area),AG.LND.FRST.ZS,,6.586010216,20.593684,78.96288,
Indonesia,IDN,Forest area (% of land area),AG.LND.FRST.ZS,,12.82728592,-0.789275,113.921327,
"Iran, Islamic Rep.",IRN,Forest area (% of land area),AG.LND.FRST.ZS,,11.23559297,32.427908,53.688046,
Iraq,IRQ,Forest area (% of land area),AG.LND.FRST.ZS,,47.47195785,33.223191,43.679291,
Ireland,IRL,Forest area (% of land area),AG.LND.FRST.ZS,,6.070175439,53.41291,-8.24389,
Isle of Man,IMN,Forest area (% of land area),AG.LND.FRST.ZS,,24.09102681,54.236107,-4.548056,
Israel,ISR,Forest area (% of land area),AG.LND.FRST.ZS,,31.76875021,31.046051,34.851612,
Italy,ITA,Forest area (% of land area),AG.LND.FRST.ZS,,18.72469844,41.87194,12.56738,
Jamaica,JAM,Forest area (% of land area),AG.LND.FRST.ZS,,6.344818498,18.109581,-77.297508,
Japan,JPN,Forest area (% of land area),AG.LND.FRST.ZS,,1.456790123,36.204824,138.252924,
Jordan,JOR,Forest area (% of land area),AG.LND.FRST.ZS,,0.496280869,30.585164,36.238414,
Kazakhstan,KAZ,Forest area (% of land area),AG.LND.FRST.ZS,,34.04918033,48.019573,66.923684,
Kenya,KEN,Forest area (% of land area),AG.LND.FRST.ZS,,42.30769231,-0.023559,37.906193,
Kiribati,KIR,Forest area (% of land area),AG.LND.FRST.ZS,,46.75487476,-3.370417,-168.734039,
"Korea, Dem. People's Rep.",PRK,Forest area (% of land area),AG.LND.FRST.ZS,,49.78433608,35.907757,127.766922,
"Korea, Rep.",KOR,Forest area (% of land area),AG.LND.FRST.ZS,,79.71303987,40.339852,127.510093,
Kuwait,KWT,Forest area (% of land area),AG.LND.FRST.ZS,,0.123327688,29.31166,47.481766,
Kyrgyz Republic,KGZ,Forest area (% of land area),AG.LND.FRST.ZS,,13.89345064,41.20438,74.766098,
Lao PDR,LAO,Forest area (% of land area),AG.LND.FRST.ZS,,1.137022398,19.85627,102.495496,
Latvia,LVA,Forest area (% of land area),AG.LND.FRST.ZS,,36.50205761,56.879635,24.603189,
Lebanon,LBN,Forest area (% of land area),AG.LND.FRST.ZS,,26.476677,33.854721,35.862285,
Lesotho,LSO,Forest area (% of land area),AG.LND.FRST.ZS,,33.92454024,-29.609988,28.233608,
Liberia,LBR,Forest area (% of land area),AG.LND.FRST.ZS,,2.043792243,6.428055,-9.429499,
Libya,LBY,Forest area (% of land area),AG.LND.FRST.ZS,,52.22222222,26.3351,17.228331,
Liechtenstein,LIE,Forest area (% of land area),AG.LND.FRST.ZS,,24.8,47.166,9.555373,
Lithuania,LTU,Forest area (% of land area),AG.LND.FRST.ZS,,41.875,55.169438,23.881275,
Luxembourg,LUX,Forest area (% of land area),AG.LND.FRST.ZS,,20.7016172,49.815273,6.129583,
"Macao SAR, China",MAC,Forest area (% of land area),AG.LND.FRST.ZS,,34.25804992,22.198745,113.543873,
Madagascar,MDG,Forest area (% of land area),AG.LND.FRST.ZS,,39.71015067,-18.766947,46.869107,
Malawi,MWI,Forest area (% of land area),AG.LND.FRST.ZS,,0.008400646,-13.254308,34.301525,
Malaysia,MYS,Forest area (% of land area),AG.LND.FRST.ZS,,37.42793665,4.210484,101.975766,
Maldives,MDV,Forest area (% of land area),AG.LND.FRST.ZS,,0.314058407,3.202778,73.22068,
Mali,MLI,Forest area (% of land area),AG.LND.FRST.ZS,,61.48698885,17.570692,-3.996166,
Malta,MLT,Forest area (% of land area),AG.LND.FRST.ZS,,1.4375,35.937496,14.375416,
Marshall Islands,MHL,Forest area (% of land area),AG.LND.FRST.ZS,,2.849036415,7.131474,171.184478,
Mauritania,MRT,Forest area (% of land area),AG.LND.FRST.ZS,,58.48224015,21.00789,-10.940835,
Mauritius,MUS,Forest area (% of land area),AG.LND.FRST.ZS,,29.97781286,-20.348404,57.552152,
Mexico,MEX,Forest area (% of land area),AG.LND.FRST.ZS,,9.102555458,23.634501,-102.552784,
"Micronesia, Fed. Sts.",FSM,Forest area (% of land area),AG.LND.FRST.ZS,,0.000535997,7.425554,150.550812,
Moldova,MDA,Forest area (% of land area),AG.LND.FRST.ZS,,35.0950024,47.411631,28.369885,
Monaco,MCO,Forest area (% of land area),AG.LND.FRST.ZS,,33.8950692,43.750298,7.412841,
Mongolia,MNG,Forest area (% of land area),AG.LND.FRST.ZS,,68.40877915,46.862496,103.846656,
Montenegro,MNE,Forest area (% of land area),AG.LND.FRST.ZS,,44.61359702,42.708678,19.37439,
Morocco,MAR,Forest area (% of land area),AG.LND.FRST.ZS,,26.67129037,31.791702,-7.09262,
Mozambique,MOZ,Forest area (% of land area),AG.LND.FRST.ZS,,52.95652174,-18.665695,35.529562,
Myanmar,MMR,Forest area (% of land area),AG.LND.FRST.ZS,,2.487718396,21.913965,95.956223,
Namibia,NAM,Forest area (% of land area),AG.LND.FRST.ZS,,0.871982316,-22.95764,18.49041,
Nauru,NRU,Forest area (% of land area),AG.LND.FRST.ZS,,4.940561436,-0.522778,166.931503,
Nepal,NPL,Forest area (% of land area),AG.LND.FRST.ZS,,0,28.394857,84.124008,
Netherlands,NLD,Forest area (% of land area),AG.LND.FRST.ZS,,10.91862192,52.132633,5.291266,
New Caledonia,NCL,Forest area (% of land area),AG.LND.FRST.ZS,,28.93225396,-20.904305,165.618042,
New Zealand,NZL,Forest area (% of land area),AG.LND.FRST.ZS,,57.11568276,-40.900557,174.885971,
Nicaragua,NIC,Forest area (% of land area),AG.LND.FRST.ZS,,41.59072201,12.865416,-85.207229,
Niger,NER,Forest area (% of land area),AG.LND.FRST.ZS,,8.236368716,17.607789,8.081666,
Nigeria,NGA,Forest area (% of land area),AG.LND.FRST.ZS,,24.1043842,9.081999,8.675277,
Norway,NOR,Forest area (% of land area),AG.LND.FRST.ZS,,32.75005678,60.472024,8.468946,
Oman,OMN,Forest area (% of land area),AG.LND.FRST.ZS,,89.67391304,21.512583,55.923255,
Pakistan,PAK,Forest area (% of land area),AG.LND.FRST.ZS,,0.454484135,30.375321,69.345116,
Palau,PLW,Forest area (% of land area),AG.LND.FRST.ZS,,33.31727872,7.51498,134.58252,
Papua New Guinea,PNG,Forest area (% of land area),AG.LND.FRST.ZS,,22.34215849,-6.314993,143.95555,
Paraguay,PRY,Forest area (% of land area),AG.LND.FRST.ZS,,55.84554679,-23.442503,-58.443832,
Peru,PER,Forest area (% of land area),AG.LND.FRST.ZS,,1.09822032,-9.189967,-75.015152,
Philippines,PHL,Forest area (% of land area),AG.LND.FRST.ZS,,64.67391304,12.879721,121.774017,
Poland,POL,Forest area (% of land area),AG.LND.FRST.ZS,,12.43055556,51.919438,19.145136,
Portugal,PRT,Forest area (% of land area),AG.LND.FRST.ZS,,23.87500419,39.399872,-8.224454,
Puerto Rico,PRI,Forest area (% of land area),AG.LND.FRST.ZS,,30.89460104,18.220833,-66.590149,
Qatar,QAT,Forest area (% of land area),AG.LND.FRST.ZS,,26.22196769,25.354826,51.183884,
Romania,ROU,Forest area (% of land area),AG.LND.FRST.ZS,,11.10660722,45.943161,24.96676,
Russian Federation,RUS,Forest area (% of land area),AG.LND.FRST.ZS,,4.503540165,61.52401,105.318756,
Rwanda,RWA,Forest area (% of land area),AG.LND.FRST.ZS,,25.11264822,-1.940278,29.873888,
Samoa,WSM,Forest area (% of land area),AG.LND.FRST.ZS,,57.4664311,-13.759029,-172.104629,
San Marino,SMR,Forest area (% of land area),AG.LND.FRST.ZS,,22.94173538,43.94236,12.457777,
Sao Tome and Principe,STP,Forest area (% of land area),AG.LND.FRST.ZS,,16.66666667,0.18636,6.613081,
Saudi Arabia,SAU,Forest area (% of land area),AG.LND.FRST.ZS,,39.39925922,23.885942,45.079162,
Senegal,SEN,Forest area (% of land area),AG.LND.FRST.ZS,,50.43227307,14.497401,-14.452362,
Serbia,SRB,Forest area (% of land area),AG.LND.FRST.ZS,,68.69460607,44.016521,21.005859,
Seychelles,SYC,Forest area (% of land area),AG.LND.FRST.ZS,,90.19042515,-4.679574,55.491977,
Sierra Leone,SLE,Forest area (% of land area),AG.LND.FRST.ZS,,22.46826516,8.460555,-11.779889,
Singapore,SGP,Forest area (% of land area),AG.LND.FRST.ZS,,18.72469844,1.352083,103.819836,
Slovak Republic,SVK,Forest area (% of land area),AG.LND.FRST.ZS,,55.35416667,48.669026,19.699024,
Slovenia,SVN,Forest area (% of land area),AG.LND.FRST.ZS,,40.05615641,46.151241,14.995463,
Solomon Islands,SLB,Forest area (% of land area),AG.LND.FRST.ZS,,32.09639847,-9.64571,160.156194,
Somalia,SOM,Forest area (% of land area),AG.LND.FRST.ZS,,42.32150834,5.152149,46.199616,
South Africa,ZAF,Forest area (% of land area),AG.LND.FRST.ZS,,14.11510275,-30.559482,22.937506,
Spain,ESP,Forest area (% of land area),AG.LND.FRST.ZS,,37.15664678,40.463667,-3.74922,
Sri Lanka,LKA,Forest area (% of land area),AG.LND.FRST.ZS,,12.82005378,7.873054,80.771797,
St. Kitts and Nevis,KNA,Forest area (% of land area),AG.LND.FRST.ZS,,0.350729517,17.357822,-62.782998,
St. Lucia,LCA,Forest area (% of land area),AG.LND.FRST.ZS,,2.733333333,13.909444,-60.978893,
St. Vincent and the Grenadines,VCT,Forest area (% of land area),AG.LND.FRST.ZS,,73.17948718,12.984305,-61.287228,
Sudan,SDN,Forest area (% of land area),AG.LND.FRST.ZS,,47.73639894,12.862807,30.217636,
Suriname,SUR,Forest area (% of land area),AG.LND.FRST.ZS,,26.62996668,3.919305,-56.027783,
Sweden,SWE,Forest area (% of land area),AG.LND.FRST.ZS,,39.81998784,60.128161,18.643501,
Switzerland,CHE,Forest area (% of land area),AG.LND.FRST.ZS,,6.469500924,46.818188,8.227512,
Syrian Arab Republic,SYR,Forest area (% of land area),AG.LND.FRST.ZS,,61.67438072,34.802075,38.996815,
Tajikistan,TJK,Forest area (% of land area),AG.LND.FRST.ZS,,11.07368421,38.861034,71.276093,
Tanzania,TZA,Forest area (% of land area),AG.LND.FRST.ZS,,52.70151276,-6.369028,34.888822,
Thailand,THA,Forest area (% of land area),AG.LND.FRST.ZS,,39.72052633,15.870032,100.992541,
Timor-Leste,TLS,Forest area (% of land area),AG.LND.FRST.ZS,,62.13180901,-8.874217,125.727539,
Togo,TGO,Forest area (% of land area),AG.LND.FRST.ZS,,30.69022431,8.619543,0.824782,
Tonga,TON,Forest area (% of land area),AG.LND.FRST.ZS,,39.03971501,-21.178986,-175.198242,
Trinidad and Tobago,TTO,Forest area (% of land area),AG.LND.FRST.ZS,,22.913544,10.691803,-61.222503,
Tunisia,TUN,Forest area (% of land area),AG.LND.FRST.ZS,,26.63086595,33.886917,9.537499,
Turkey,TUR,Forest area (% of land area),AG.LND.FRST.ZS,,28.4660941,38.963745,35.243322,
Turkmenistan,TKM,Forest area (% of land area),AG.LND.FRST.ZS,,3.601493011,38.969719,59.556278,
Turks and Caicos Islands,TCA,Forest area (% of land area),AG.LND.FRST.ZS,,2.843108425,21.694025,-71.797928,
Tuvalu,TUV,Forest area (% of land area),AG.LND.FRST.ZS,,33.33333333,-7.109535,177.64933,
Uganda,UGA,Forest area (% of land area),AG.LND.FRST.ZS,,12.07066627,1.373333,32.290275,
Ukraine,UKR,Forest area (% of land area),AG.LND.FRST.ZS,,16.70348637,48.379433,31.16558,
United Arab Emirates,ARE,Forest area (% of land area),AG.LND.FRST.ZS,,19.9860996,23.424076,53.847818,
United Kingdom,GBR,Forest area (% of land area),AG.LND.FRST.ZS,,18.67640693,55.378051,-3.435973,
United States,USA,Forest area (% of land area),AG.LND.FRST.ZS,,33.86692641,37.09024,-95.712891,
Uruguay,URY,Forest area (% of land area),AG.LND.FRST.ZS,,11.3644155,-32.522779,-55.765835,
Uzbekistan,UZB,Forest area (% of land area),AG.LND.FRST.ZS,,8.257720375,41.377491,64.585262,
Vanuatu,VUT,Forest area (% of land area),AG.LND.FRST.ZS,,36.28383921,-15.376706,166.959158,
"Venezuela, RB",VEN,Forest area (% of land area),AG.LND.FRST.ZS,,52.53416473,6.42375,-66.58973,
Vietnam,VNM,Forest area (% of land area),AG.LND.FRST.ZS,,46.73554359,14.058324,108.277199,
Virgin Islands (U.S.),VIR,Forest area (% of land area),AG.LND.FRST.ZS,,56.02857143,18.335765,-64.896335,
"Yemen, Rep.",YEM,Forest area (% of land area),AG.LND.FRST.ZS,,1.039831809,15.552727,48.516388,
Zambia,ZMB,Forest area (% of land area),AG.LND.FRST.ZS,,60.78970661,-13.133897,27.849332,
Zimbabwe,ZWE,Forest area (% of land area),AG.LND.FRST.ZS,,45.33209254,-19.015438,29.154857,
